city,neighborhood,beds,baths,sqft,built_year,lot_acres,has_garage,has_renovation,price
Grand Rapids,Downtown,2,1.0,1813.0,1978,1.729,0,0,748917
Denver,Rural,2,3.0,2027.0,2016,0.838,1,1,508028
Houston,Rural,1,4.0,2474.0,1964,0.623,1,0,600298
Edison,Downtown,2,1.0,2111.0,1996,0.833,0,1,729142
Grand Rapids,Downtown,1,1.0,1709.0,1995,0.768,0,0,641911
Jacksonville,Rural,4,1.0,2050.0,2001,0.969,1,1,646670
Charlotte,Suburban,3,1.0,1981.0,1968,0.217,1,0,502202
Grand Rapids,Downtown,1,1.0,2847.0,1970,0.672,1,0,1003579
Houston,Rural,4,1.0,1899.0,2013,0.733,1,1,524908
Edison,Suburban,1,4.0,1570.0,1986,0.533,1,0,555234
Denver,Downtown,1,,2070.0,1976,0.891,0,0,613880
Houston,Suburban,3,1.0,1919.0,2004,1.762,1,0,720705
Houston,Rural,5,2.0,857.0,1978,0.604,1,1,366530
Charlotte,Downtown,5,4.0,1791.0,1969,0.843,0,1,540752
Fresno,Suburban,1,4.0,1740.0,1974,1.459,1,0,517279
Edison,Downtown,2,1.0,1474.0,2019,0.613,0,0,618117
Boston,Suburban,4,4.0,2421.0,2012,0.326,0,1,531720
Houston,Rural,2,1.0,1329.0,1985,0.805,1,0,404433
Fresno,Rural,2,3.0,2073.0,1951,,1,1,422241
Boston,Downtown,1,,1711.0,1971,0.14,1,0,418941
Edison,Suburban,1,4.0,1865.0,1965,0.679,0,1,575011
Arlington,Downtown,1,4.0,2047.0,1967,0.136,1,1,497276
Jacksonville,Downtown,1,2.0,1015.0,2018,0.253,1,1,634109
Fresno,Suburban,5,4.0,1915.0,2003,0.443,1,1,635975
Idaho Falls,Suburban,1,2.0,3173.0,1979,0.361,1,0,932016
Arlington,Suburban,5,3.0,866.0,1994,0.509,1,0,286491
Jacksonville,Rural,5,3.0,1765.0,1968,1.085,0,0,590968
Charlotte,Downtown,1,1.0,2474.0,1983,0.642,1,1,631033
Grand Rapids,Downtown,3,3.0,1981.0,1962,0.336,0,1,773824
Denver,Rural,4,2.0,2213.0,1992,1.254,0,1,469956
Idaho Falls,Suburban,2,4.0,500.0,2011,0.236,1,0,352104
Charlotte,Rural,5,1.0,2159.0,1971,0.636,1,0,348379
Edison,Rural,4,2.0,1343.0,2001,0.221,0,0,359861
Charlotte,Rural,3,4.0,1986.0,2001,0.647,1,1,415744
Grand Rapids,Downtown,2,1.0,1782.0,1985,0.46,0,0,667024
Edison,Rural,2,3.0,3167.0,2022,1.065,1,0,649062
Idaho Falls,Downtown,5,2.0,2128.0,1968,0.857,1,1,984159
Grand Rapids,Downtown,1,4.0,1732.0,1987,0.391,1,0,823699
Boston,Downtown,3,1.0,894.0,2019,0.349,0,0,375567
Denver,Suburban,5,1.0,1873.0,2006,0.461,1,0,487565
Idaho Falls,Downtown,3,3.0,2294.0,1969,1.714,1,1,1193397
Boston,Downtown,1,4.0,1752.0,1958,1.47,1,0,540422
Jacksonville,Suburban,1,3.0,1497.0,1981,0.311,1,1,568652
Idaho Falls,Downtown,5,3.0,1456.0,1953,0.899,1,0,695356
Jacksonville,Rural,1,4.0,2121.0,1999,0.197,0,1,671189
Edison,Rural,4,4.0,2256.0,1954,0.425,1,0,472468
Boston,Downtown,2,4.0,2617.0,1969,0.319,1,0,629375
Denver,Suburban,5,2.0,1203.0,1986,1.057,0,1,420330
Grand Rapids,Rural,3,4.0,2116.0,1971,0.256,1,1,862409
Houston,Suburban,4,1.0,1727.0,2007,0.72,0,0,606272
Charlotte,Suburban,5,3.0,1745.0,2017,0.557,1,1,447842
Arlington,Rural,1,2.0,2041.0,1993,0.501,1,0,240419
Denver,Suburban,1,4.0,2045.0,1983,1.517,0,1,529918
Boston,Rural,1,2.0,2117.0,1991,1.599,1,1,392328
Houston,Suburban,1,4.0,1166.0,1958,0.51,0,0,356708
Denver,Rural,3,2.0,1350.0,1956,,1,1,228869
Boston,Downtown,4,3.0,2692.0,2017,0.225,0,0,734246
Fresno,Rural,2,3.0,1668.0,1968,0.555,1,0,438993
Fresno,Rural,3,1.0,1984.0,1980,1.796,0,1,518253
Jacksonville,Rural,3,1.0,2433.0,1984,0.515,1,1,764942
Denver,Rural,2,4.0,,2006,0.862,1,0,506682
Fresno,Suburban,2,3.0,2128.0,2010,0.241,0,0,589841
Boston,Downtown,1,2.0,2337.0,1980,0.429,1,0,586609
Jacksonville,Rural,3,2.0,530.0,2002,0.734,1,1,308876
Boston,Suburban,5,2.0,1506.0,1981,0.593,1,0,383818
Jacksonville,Downtown,2,1.0,2081.0,2015,0.913,0,0,1003281
Denver,Downtown,2,2.0,,2008,0.388,1,0,774061
Houston,Downtown,4,1.0,1840.0,1959,0.195,0,0,729275
Grand Rapids,Downtown,5,1.0,1293.0,1951,1.091,0,0,537227
Idaho Falls,Rural,5,4.0,1309.0,2015,,1,0,467094
Houston,Rural,2,2.0,2330.0,2009,0.754,0,0,583549
Edison,Suburban,1,2.0,1669.0,1966,0.729,0,0,376318
Boston,Suburban,4,3.0,1796.0,1965,0.205,0,1,332751
Edison,Suburban,5,4.0,2169.0,1965,,0,0,582006
Houston,Downtown,2,3.0,500.0,1995,0.396,0,1,402895
Jacksonville,Downtown,5,4.0,3000.0,1988,0.575,1,1,1491099
Idaho Falls,Rural,4,2.0,1361.0,1980,0.449,0,1,410413
Idaho Falls,Downtown,4,1.0,1945.0,1950,1.473,1,1,965521
Arlington,Downtown,3,1.0,777.0,1960,1.246,0,0,134570
Idaho Falls,Downtown,2,,1546.0,1953,0.188,1,0,594640
Grand Rapids,Suburban,4,1.0,2547.0,2020,2.158,0,0,852597
Idaho Falls,Suburban,3,1.0,650.0,1975,0.37,1,0,231483
Houston,Rural,3,3.0,2476.0,1999,1.964,1,1,759827
Arlington,Downtown,5,4.0,1636.0,1961,0.477,0,1,429804
Houston,Downtown,5,2.0,2092.0,2014,0.453,1,1,1064095
Houston,Rural,3,3.0,2195.0,1996,0.48,1,0,622270
Charlotte,Downtown,5,4.0,2065.0,2002,0.437,0,1,770999
Arlington,Downtown,4,1.0,1281.0,2020,2.53,1,0,441177
Houston,Suburban,1,4.0,1581.0,1951,0.531,1,0,552342
Charlotte,Rural,4,4.0,923.0,1973,0.464,1,0,175764
Charlotte,Rural,3,1.0,2095.0,1953,0.583,0,1,335076
Arlington,Rural,3,1.0,2821.0,1968,0.311,1,0,339072
Edison,Rural,4,1.0,705.0,1975,1.451,1,1,270910
Jacksonville,Suburban,5,2.0,1343.0,1989,0.23,1,1,622729
Grand Rapids,Suburban,5,1.0,1691.0,1999,0.385,1,1,551396
Jacksonville,Downtown,3,2.0,1904.0,1992,0.976,0,0,966822
Idaho Falls,Downtown,2,1.0,2328.0,2016,0.571,1,1,1071077
Grand Rapids,Downtown,5,2.0,1709.0,1961,0.774,0,1,689616
Idaho Falls,Downtown,4,4.0,1610.0,2016,1.396,0,0,952119
Houston,Suburban,5,3.0,,1976,1.016,1,0,768635
Boston,Rural,4,4.0,2197.0,2003,0.604,1,0,432107
Arlington,Suburban,3,,2123.0,2015,1.949,0,0,468311
Grand Rapids,Downtown,5,1.0,1868.0,1998,0.382,1,0,771746
Grand Rapids,Suburban,4,2.0,2390.0,1965,0.524,1,1,711361
Houston,Rural,3,3.0,1406.0,1951,0.546,1,0,433571
Edison,Rural,2,1.0,1324.0,2009,0.523,1,0,372402
Charlotte,Suburban,4,1.0,2248.0,2003,0.293,1,1,574107
Houston,Suburban,2,1.0,825.0,1979,0.215,0,0,262414
Fresno,Suburban,2,,1855.0,1987,0.715,0,1,542679
Charlotte,Downtown,1,2.0,1610.0,1977,0.38,1,0,443525
Arlington,Suburban,5,2.0,957.0,1974,1.748,0,0,261290
Charlotte,Suburban,4,3.0,1241.0,1959,0.533,1,0,338090
Edison,Suburban,2,2.0,1735.0,2009,0.478,1,0,502598
Charlotte,Rural,1,2.0,2420.0,1991,1.073,1,0,381169
Arlington,Rural,3,1.0,1408.0,1989,0.708,0,1,208094
Edison,Downtown,4,1.0,,1991,0.501,1,0,803094
Jacksonville,Downtown,2,4.0,1838.0,1996,0.379,1,1,1016167
Grand Rapids,Rural,5,1.0,2586.0,1986,3.0,1,0,732647
Grand Rapids,Rural,1,1.0,,1971,0.691,0,0,344122
Idaho Falls,Rural,2,1.0,1771.0,2006,1.066,1,1,568841
Jacksonville,Suburban,5,1.0,2021.0,1976,0.301,1,0,628101
Jacksonville,Suburban,2,4.0,1692.0,1990,0.393,1,1,643520
Charlotte,Rural,4,1.0,2372.0,1983,1.976,1,1,461825
Grand Rapids,Suburban,4,3.0,500.0,1981,1.286,0,1,335466
Arlington,Suburban,4,3.0,3253.0,2015,0.732,0,0,640472
Denver,Downtown,1,3.0,,1961,0.443,1,0,661142
Denver,Rural,4,3.0,1696.0,1989,0.483,1,1,347862
Edison,Rural,5,1.0,1469.0,2022,0.371,1,1,421764
Grand Rapids,Suburban,2,3.0,,2022,0.278,0,0,469901
Grand Rapids,Rural,3,1.0,2187.0,1959,0.969,0,0,462069
Denver,Downtown,5,4.0,2397.0,1997,0.769,0,0,751619
Grand Rapids,Downtown,5,3.0,1702.0,1969,0.865,0,0,729432
Charlotte,Downtown,4,2.0,2464.0,1988,0.455,1,0,707421
Fresno,Rural,1,3.0,1256.0,2009,,1,0,308360
Boston,Rural,2,3.0,1150.0,2015,0.429,0,1,280172
Jacksonville,Rural,1,1.0,2888.0,2014,0.36,0,1,1477989
Idaho Falls,Rural,2,3.0,2155.0,2000,1.513,0,1,676940
Edison,Rural,2,2.0,,1985,0.598,1,0,520745
Fresno,Downtown,1,1.0,1288.0,1973,0.754,0,0,482004
Denver,Suburban,5,1.0,1246.0,1976,0.919,1,1,392520
Jacksonville,Downtown,2,4.0,1585.0,1951,0.603,1,1,778096
Grand Rapids,Rural,1,4.0,1306.0,1980,0.643,1,1,380055
Idaho Falls,Downtown,2,3.0,2223.0,2006,0.29,1,1,1084989
Grand Rapids,Rural,3,4.0,1349.0,2015,0.325,1,0,340977
Arlington,Rural,5,4.0,1097.0,1978,0.315,1,1,187163
Arlington,Downtown,4,4.0,1885.0,1964,0.8,0,0,493353
Idaho Falls,Rural,2,1.0,1026.0,1961,0.581,1,0,324107
Idaho Falls,Suburban,3,1.0,720.0,1977,0.325,1,1,368841
Denver,Rural,4,1.0,1880.0,1973,0.788,0,0,387742
Idaho Falls,Suburban,4,4.0,750.0,1970,0.771,1,0,400979
Charlotte,Suburban,2,1.0,2265.0,1959,0.367,0,0,377526
Grand Rapids,Rural,1,4.0,963.0,1967,0.547,1,0,266899
Fresno,Downtown,2,1.0,500.0,1963,0.773,1,1,192870
Houston,Suburban,3,1.0,1624.0,1983,0.332,1,0,567109
Idaho Falls,Downtown,4,2.0,1887.0,2007,0.781,1,0,912755
Edison,Suburban,2,3.0,2095.0,1971,0.667,1,0,517086
Arlington,Rural,1,4.0,1903.0,2019,0.305,1,0,349287
Charlotte,Rural,2,2.0,,1985,0.635,1,0,169289
Jacksonville,Suburban,5,1.0,2228.0,1994,0.693,1,1,822065
Houston,Rural,1,4.0,2376.0,1985,0.382,1,0,610307
Fresno,Suburban,3,1.0,1077.0,1971,0.401,1,1,365531
Houston,Rural,4,3.0,1691.0,2010,0.304,1,1,532575
Idaho Falls,Downtown,2,2.0,1635.0,2005,0.425,1,1,832068
Denver,Rural,1,,1932.0,1982,0.552,1,0,422188
Arlington,Downtown,5,2.0,1677.0,1994,0.401,1,0,465082
Arlington,Rural,1,1.0,1759.0,1985,0.228,0,1,261839
Jacksonville,Downtown,5,3.0,2185.0,1969,0.368,1,0,1066532
Denver,Rural,3,3.0,1132.0,1967,0.433,1,1,255437
Grand Rapids,Downtown,4,1.0,2242.0,1987,0.908,0,1,995831
Boston,Suburban,3,3.0,2485.0,2016,0.795,0,1,457247
Charlotte,Suburban,2,4.0,2780.0,1972,,1,1,684724
Arlington,Downtown,1,2.0,514.0,1965,0.357,0,0,165877
Edison,Rural,5,2.0,1690.0,2008,0.606,0,0,414907
Arlington,Downtown,5,2.0,621.0,2018,0.13,1,1,289794
Houston,Rural,1,4.0,500.0,2017,0.72,1,0,268196
Arlington,Suburban,1,2.0,1886.0,1970,0.803,1,0,370274
Arlington,Rural,2,1.0,1561.0,2019,0.451,1,1,263182
Boston,Suburban,3,3.0,1980.0,1961,0.664,1,0,364801
Boston,Rural,5,4.0,2092.0,1965,0.224,0,1,390547
Fresno,Rural,2,2.0,2549.0,1963,0.344,1,1,596147
Grand Rapids,Rural,3,1.0,1832.0,2010,0.881,1,0,407235
Edison,Downtown,2,3.0,3554.0,2020,0.756,1,1,1320048
Arlington,Downtown,5,3.0,1984.0,1995,0.435,0,1,487345
Arlington,Suburban,1,4.0,2905.0,1981,0.905,1,1,492308
Charlotte,Suburban,1,4.0,500.0,1964,0.605,0,0,107608
Boston,Downtown,3,4.0,2610.0,1993,0.411,1,0,693156
Edison,Suburban,4,1.0,1692.0,1966,0.499,0,1,392107
Jacksonville,Downtown,3,1.0,631.0,1990,0.423,1,0,360336
Fresno,Rural,4,4.0,2052.0,2003,0.273,1,0,486123
Grand Rapids,Suburban,2,2.0,1618.0,1993,1.183,0,1,572451
Denver,Suburban,2,3.0,2148.0,1954,0.396,1,0,483286
Grand Rapids,Downtown,5,3.0,,1976,0.338,1,0,994146
Houston,Suburban,4,1.0,907.0,1992,0.222,1,0,403517
Arlington,Suburban,5,3.0,2409.0,1980,0.114,1,0,473935
Fresno,Rural,1,2.0,1804.0,1966,0.848,1,1,402494
Houston,Suburban,4,3.0,2612.0,2003,0.896,1,0,817426
Edison,Rural,3,1.0,1677.0,2011,1.138,0,0,318888
Denver,Downtown,1,1.0,1518.0,1981,0.509,0,1,513212
Boston,Suburban,1,2.0,1816.0,1989,0.459,0,1,404477
Fresno,Rural,3,2.0,1861.0,1962,0.41,1,1,396265
Fresno,Downtown,1,3.0,1402.0,1984,0.433,0,0,469043
Arlington,Suburban,4,3.0,1502.0,1954,1.089,0,0,249132
Idaho Falls,Downtown,5,1.0,1064.0,2022,0.548,1,1,1291908
Fresno,Suburban,1,2.0,1539.0,1978,0.698,1,0,443341
Charlotte,Downtown,4,2.0,2206.0,2019,0.427,1,1,758497
Denver,Downtown,2,2.0,1718.0,1974,1.229,0,0,532668
Denver,Rural,4,3.0,2405.0,1971,0.177,1,0,435915
Charlotte,Downtown,5,2.0,1689.0,2015,0.268,1,1,642021
Jacksonville,Suburban,4,1.0,941.0,1994,0.699,1,1,398430
Charlotte,Suburban,3,1.0,2158.0,2018,1.591,0,1,563898
Charlotte,Rural,5,3.0,1396.0,2021,0.486,1,0,317427
Denver,Suburban,2,4.0,1660.0,1950,0.336,1,0,417014
Grand Rapids,Suburban,3,3.0,2543.0,1993,1.014,0,0,800272
Denver,Suburban,4,4.0,1103.0,1988,0.676,1,0,338283
Idaho Falls,Downtown,5,2.0,1899.0,2003,1.207,1,0,973043
Arlington,Downtown,2,3.0,1776.0,1978,0.257,0,0,311946
Houston,Suburban,3,1.0,2221.0,2003,1.151,1,0,778577
Grand Rapids,Rural,2,2.0,2313.0,1965,0.22,0,1,519613
Boston,Downtown,4,1.0,1958.0,1969,0.468,0,1,557470
Houston,Rural,2,2.0,1584.0,1995,0.713,1,1,455735
Arlington,Suburban,1,3.0,2084.0,2016,0.622,1,0,441539
Idaho Falls,Suburban,3,4.0,2601.0,2014,1.051,1,1,975849
Idaho Falls,Downtown,2,2.0,1784.0,2007,0.186,1,0,714696
Boston,Suburban,4,4.0,1640.0,2002,0.606,0,0,388892
Grand Rapids,Downtown,4,2.0,2033.0,1950,1.143,1,1,806966
Jacksonville,Suburban,2,1.0,1823.0,2015,,1,0,655957
Charlotte,Suburban,4,,997.0,1978,0.28,1,0,281680
Grand Rapids,Downtown,5,2.0,1944.0,2019,1.018,1,0,958993
Jacksonville,Downtown,5,4.0,992.0,1957,0.377,1,0,595006
Idaho Falls,Downtown,5,3.0,2025.0,1978,0.339,1,1,982024
Denver,Suburban,1,3.0,1322.0,2000,0.315,1,1,389168
Arlington,Suburban,2,1.0,1822.0,1982,0.494,0,1,298792
Boston,Rural,1,3.0,2034.0,1952,0.621,1,0,321472
Arlington,Downtown,4,1.0,3272.0,2009,0.26,0,1,677048
Edison,Suburban,1,3.0,2246.0,1984,0.294,0,0,502237
Edison,Suburban,4,2.0,2619.0,2018,0.367,0,0,329495
Grand Rapids,Downtown,4,1.0,2923.0,1969,0.314,1,1,1085049
Idaho Falls,Rural,3,1.0,2094.0,2022,0.569,1,0,595961
Idaho Falls,Downtown,5,2.0,1971.0,1988,0.691,1,1,1046649
Charlotte,Rural,4,1.0,1160.0,1953,0.636,1,0,239303
Charlotte,Suburban,3,3.0,1730.0,1968,0.637,1,1,388871
Charlotte,Rural,5,3.0,1366.0,1994,1.516,0,1,369016
Denver,Suburban,4,1.0,1559.0,1992,0.717,0,0,383440
Houston,Downtown,4,3.0,2922.0,1962,0.891,1,0,1189373
Fresno,Downtown,1,4.0,1869.0,1962,0.434,1,1,738019
Houston,Downtown,1,1.0,1274.0,2009,0.98,1,0,666583
Arlington,Rural,5,2.0,2625.0,2006,0.422,1,0,397529
Houston,Suburban,4,4.0,,2001,0.712,0,1,919979
Denver,Downtown,2,1.0,2405.0,2002,0.244,1,0,727627
Arlington,Downtown,1,2.0,596.0,1992,0.615,1,1,233503
Houston,Suburban,5,3.0,2969.0,2021,0.31,1,0,982107
Denver,Downtown,4,2.0,1465.0,2021,0.976,0,0,554243
Fresno,Suburban,4,4.0,2267.0,1991,0.941,1,1,753333
Houston,Suburban,2,3.0,3314.0,1975,0.421,1,0,971698
Denver,Suburban,5,1.0,3093.0,1972,1.903,0,0,740350
Charlotte,Suburban,4,3.0,1213.0,1992,0.469,1,0,178072
Idaho Falls,Suburban,1,1.0,933.0,1977,0.212,1,0,321330
Charlotte,Rural,2,1.0,2658.0,1958,0.349,1,0,478700
Idaho Falls,Downtown,5,2.0,1885.0,1969,0.297,1,0,815807
Boston,Rural,2,2.0,1499.0,2005,0.699,1,0,291676
Boston,Downtown,1,2.0,,1988,0.265,1,0,521636
Boston,Rural,5,4.0,1702.0,2000,0.403,0,1,241106
Fresno,Suburban,2,4.0,2221.0,1961,0.672,0,1,620483
Charlotte,Downtown,3,2.0,1840.0,2004,0.605,0,0,522109
Idaho Falls,Downtown,1,4.0,2233.0,1960,0.552,1,1,985649
Denver,Rural,1,3.0,1263.0,1975,0.6,1,1,283440
Arlington,Rural,1,3.0,2655.0,1991,0.445,1,0,381406
Denver,Downtown,3,4.0,2219.0,1976,0.213,1,1,708243
Arlington,Rural,3,4.0,2188.0,1960,,1,0,294414
Edison,Rural,4,3.0,1129.0,1987,0.737,1,1,360065
Denver,Rural,2,1.0,2820.0,1992,0.512,0,0,456990
Houston,Suburban,4,3.0,1792.0,1968,0.704,1,0,536975
Houston,Suburban,2,3.0,2237.0,2013,0.391,1,1,796866
Grand Rapids,Rural,3,4.0,1606.0,1955,1.01,1,0,466887
Charlotte,Rural,3,3.0,1957.0,1995,0.12,1,0,385807
Arlington,Suburban,4,4.0,1978.0,1991,0.606,1,0,408232
Arlington,Suburban,5,,500.0,2014,1.25,0,0,279461
Charlotte,Downtown,4,2.0,2149.0,2021,1.367,1,1,798026
Fresno,Downtown,2,3.0,2979.0,2008,0.484,1,1,1098536
Grand Rapids,Suburban,4,1.0,2124.0,2001,0.251,1,0,650620
Fresno,Rural,1,2.0,1225.0,1996,1.263,1,0,348407
Fresno,Rural,2,4.0,2190.0,1956,0.539,1,1,494277
Fresno,Rural,2,4.0,2436.0,1960,0.506,1,0,565702
Charlotte,Rural,5,1.0,2107.0,2010,0.326,1,1,405654
Fresno,Downtown,3,4.0,1756.0,2017,0.263,1,0,738577
Houston,Suburban,2,3.0,1655.0,1974,0.78,1,0,457921
Boston,Rural,3,2.0,1652.0,1961,0.832,1,0,235349
Edison,Downtown,4,4.0,2219.0,1975,0.628,1,0,738267
Arlington,Rural,1,4.0,956.0,1961,0.352,1,0,152818
Arlington,Suburban,5,1.0,1577.0,1992,0.294,0,0,246640
Edison,Downtown,3,3.0,2757.0,2000,0.236,1,0,944834
Charlotte,Suburban,2,4.0,2781.0,1986,0.397,0,0,630605
Denver,Suburban,3,1.0,913.0,1995,0.304,1,0,262787
Charlotte,Downtown,2,4.0,1121.0,2002,0.2,0,0,357465
Arlington,Downtown,3,1.0,1638.0,1962,0.822,0,0,372409
Arlington,Downtown,2,1.0,2336.0,2003,0.252,0,0,584388
Edison,Downtown,4,3.0,704.0,2006,1.004,0,0,482412
Fresno,Downtown,2,4.0,1767.0,1953,0.705,0,1,614928
Charlotte,Downtown,2,3.0,1515.0,1998,0.664,1,1,474796
Idaho Falls,Downtown,1,1.0,2596.0,1956,1.511,1,0,976811
Edison,Rural,2,2.0,794.0,1960,0.257,1,0,127561
Houston,Suburban,1,4.0,1856.0,2003,0.94,1,0,688732
Arlington,Downtown,5,2.0,1564.0,1994,0.465,0,1,412354
Edison,Rural,1,4.0,2682.0,1972,2.602,1,0,572173
Charlotte,Rural,4,3.0,2159.0,1977,0.443,0,0,419891
Arlington,Rural,1,3.0,1449.0,2006,0.402,0,1,266967
Denver,Suburban,5,3.0,2312.0,1975,0.718,1,0,509833
Edison,Downtown,4,3.0,1567.0,1974,0.491,0,0,603263
Grand Rapids,Rural,3,3.0,2400.0,2003,0.353,1,0,613998
Arlington,Suburban,3,2.0,1658.0,1978,0.311,1,1,342274
Charlotte,Suburban,1,3.0,2433.0,1985,1.335,1,0,525018
Boston,Suburban,1,1.0,2062.0,1963,0.277,1,1,365637
Idaho Falls,Rural,5,1.0,3756.0,1984,0.636,0,1,878986
Jacksonville,Downtown,5,2.0,1768.0,1979,1.049,1,0,964501
Fresno,Rural,2,4.0,2030.0,1966,1.079,0,0,425689
Jacksonville,Rural,5,1.0,1512.0,2016,0.388,1,0,482210
Charlotte,Downtown,2,4.0,1802.0,1979,0.492,0,1,951655
Houston,Downtown,4,2.0,500.0,1994,0.438,1,1,492277
Houston,Downtown,1,4.0,2079.0,2000,0.222,1,0,870228
Boston,Suburban,4,4.0,2606.0,1996,0.768,1,1,617207
Fresno,Downtown,5,4.0,2038.0,2002,0.569,1,0,862952
Grand Rapids,Rural,4,4.0,1012.0,2013,1.321,1,0,374863
Boston,Downtown,4,2.0,1319.0,1987,0.34,1,1,189172
Jacksonville,Rural,4,1.0,500.0,2013,1.069,1,1,308118
Boston,Suburban,5,3.0,2387.0,1956,1.115,0,0,473947
Jacksonville,Rural,4,4.0,1196.0,1971,0.572,1,1,485368
Arlington,Rural,2,1.0,1783.0,1990,0.151,0,1,233928
Houston,Downtown,5,1.0,1708.0,1959,0.409,0,1,690672
Arlington,Downtown,4,2.0,2693.0,2006,1.625,1,1,675964
Idaho Falls,Rural,5,1.0,1851.0,1956,0.665,1,1,470861
Fresno,Downtown,3,,2285.0,1999,0.843,1,0,815857
Grand Rapids,Suburban,2,4.0,2128.0,2001,0.527,0,1,746607
Jacksonville,Suburban,4,4.0,2616.0,1982,0.487,1,0,939934
Grand Rapids,Downtown,3,3.0,,1950,0.181,0,1,615806
Jacksonville,Suburban,3,3.0,2922.0,2002,0.896,0,0,1028010
Charlotte,Downtown,5,3.0,609.0,2009,1.063,0,1,372328
Boston,Rural,3,1.0,2314.0,1983,0.314,1,0,360291
Idaho Falls,Rural,2,4.0,1280.0,1953,0.5,1,0,350440
Houston,Suburban,2,2.0,1504.0,1966,0.461,0,0,460093
Jacksonville,Downtown,1,3.0,,1953,0.716,1,1,1033773
Grand Rapids,Downtown,2,2.0,2137.0,1992,0.401,0,1,809762
Idaho Falls,Suburban,3,2.0,2164.0,1953,0.973,1,0,683591
Denver,Rural,2,3.0,968.0,1950,0.581,1,1,247102
Denver,Suburban,5,4.0,2669.0,2020,0.121,1,1,781296
Arlington,Rural,1,3.0,1260.0,1999,0.726,1,1,184904
Houston,Downtown,3,2.0,1340.0,2022,1.012,1,0,671517
Charlotte,Rural,1,3.0,2183.0,2010,0.279,1,1,413022
Grand Rapids,Suburban,3,2.0,1628.0,1984,0.711,1,0,521545
Boston,Downtown,5,2.0,1985.0,1957,1.668,1,1,616665
Boston,Suburban,1,3.0,506.0,1973,,1,1,194783
Grand Rapids,Suburban,4,1.0,1971.0,1985,1.104,0,1,639782
Fresno,Rural,3,3.0,1931.0,1999,0.427,1,1,535162
Charlotte,Suburban,4,1.0,1494.0,1992,0.55,1,0,332926
Idaho Falls,Rural,1,2.0,556.0,1976,0.492,0,0,190865
Jacksonville,Downtown,4,2.0,1672.0,1981,0.441,1,0,778919
Fresno,Rural,4,1.0,1778.0,1967,0.509,1,0,384323
Jacksonville,Downtown,1,2.0,1580.0,1977,0.209,1,0,642734
Jacksonville,Rural,5,1.0,698.0,1978,0.456,1,1,261979
Fresno,Suburban,4,1.0,2757.0,1965,1.242,1,1,834825
Arlington,Rural,4,2.0,1417.0,1996,0.312,1,0,160418
Denver,Rural,5,4.0,1667.0,2008,0.293,1,0,386718
Jacksonville,Downtown,4,1.0,500.0,1980,0.577,1,0,399352
Fresno,Suburban,4,3.0,2757.0,1953,0.595,1,0,811422
Fresno,Rural,4,3.0,1520.0,1986,,1,0,407022
Edison,Suburban,2,2.0,1859.0,1966,0.52,1,1,496576
Arlington,Rural,5,4.0,,1988,0.581,1,0,382948
Houston,Rural,4,2.0,1394.0,1997,0.451,1,1,488741
Edison,Suburban,5,4.0,2378.0,1995,0.259,0,0,667131
Edison,Rural,3,1.0,563.0,1997,0.533,0,1,170297
Grand Rapids,Suburban,3,1.0,2131.0,1988,0.859,1,1,718597
Denver,Rural,4,1.0,2743.0,1953,0.758,1,1,476204
Fresno,Downtown,5,1.0,1452.0,1979,0.195,0,1,508640
Denver,Suburban,5,3.0,2471.0,1979,0.647,0,1,560748
Charlotte,Rural,5,3.0,2900.0,1971,0.326,0,1,492806
Grand Rapids,Rural,2,2.0,1647.0,2015,1.283,1,1,508428
Houston,Downtown,3,4.0,1597.0,1961,0.677,0,0,736763
Denver,Suburban,5,1.0,1261.0,1985,,1,0,392662
Boston,Rural,5,1.0,1494.0,1967,0.563,1,0,251293
Jacksonville,Downtown,2,4.0,1311.0,2002,0.535,1,1,865662
Charlotte,Rural,2,4.0,1261.0,2020,1.365,1,0,327087
Arlington,Suburban,5,2.0,2519.0,1950,0.997,0,1,395076
Houston,Rural,1,4.0,1326.0,2007,0.597,1,1,392468
Charlotte,Rural,5,1.0,1955.0,1955,0.494,1,0,375506
Jacksonville,Rural,5,1.0,1823.0,2019,0.2,1,0,493768
Grand Rapids,Rural,2,1.0,2699.0,1993,0.676,1,1,628167
Jacksonville,Downtown,2,1.0,1498.0,2021,0.516,1,0,914857
Edison,Downtown,5,1.0,2029.0,1973,0.776,0,1,730113
Jacksonville,Suburban,5,2.0,2275.0,1968,0.931,1,0,824093
Edison,Downtown,5,1.0,2694.0,1967,1.166,0,1,836850
Grand Rapids,Downtown,2,2.0,1489.0,1979,0.681,1,0,675045
Idaho Falls,Suburban,5,1.0,1429.0,1991,0.297,0,1,605166
Edison,Downtown,5,3.0,1163.0,1982,0.153,0,0,491363
Arlington,Downtown,4,3.0,3142.0,1961,0.339,1,0,675238
Jacksonville,Suburban,1,,2631.0,1976,,0,0,933693
Jacksonville,Suburban,3,3.0,1775.0,1988,1.662,1,0,759667
Arlington,Suburban,1,2.0,2959.0,1958,0.482,0,1,430262
Boston,Rural,4,2.0,1739.0,1970,0.232,0,1,323595
Fresno,Rural,3,4.0,2235.0,1978,0.377,1,0,508613
Idaho Falls,Suburban,5,1.0,1806.0,1982,1.101,1,0,692636
Houston,Suburban,4,3.0,2039.0,2011,0.39,1,0,724434
Edison,Suburban,5,2.0,1975.0,1964,0.792,0,1,560431
Arlington,Rural,2,1.0,1545.0,1951,0.616,1,1,214413
Grand Rapids,Rural,4,1.0,2455.0,2001,0.852,1,0,598181
Edison,Downtown,2,2.0,2230.0,1993,1.656,1,1,851713
Fresno,Downtown,4,3.0,2417.0,2003,0.793,1,1,1108993
Grand Rapids,Suburban,4,,1992.0,1967,0.608,1,1,699151
Charlotte,Rural,2,1.0,1256.0,1952,1.77,1,1,362571
Jacksonville,Rural,3,4.0,2826.0,1956,0.686,1,1,806412
Charlotte,Rural,1,3.0,1642.0,1992,0.346,1,1,309814
Edison,Suburban,5,3.0,2018.0,1987,0.84,1,0,544444
Fresno,Downtown,4,4.0,2181.0,1986,0.728,0,1,953795
Idaho Falls,Suburban,5,3.0,2014.0,2007,0.463,1,0,744286
Edison,Downtown,2,1.0,2349.0,1982,0.408,1,0,800328
Arlington,Downtown,5,4.0,2444.0,2008,0.465,0,0,581411
Denver,Suburban,2,3.0,1665.0,1960,0.404,0,1,438552
Edison,Downtown,5,4.0,2775.0,2017,0.474,0,0,941235
Jacksonville,Downtown,1,1.0,1640.0,2017,0.336,0,0,760235
Jacksonville,Rural,1,3.0,2002.0,1971,,1,0,564886
Edison,Downtown,1,1.0,1567.0,2015,0.671,1,0,552886
Grand Rapids,Suburban,1,3.0,1396.0,1993,0.684,1,0,469550
Denver,Suburban,1,2.0,2427.0,1955,0.536,0,1,515243
Arlington,Downtown,1,3.0,3673.0,1991,0.5,1,1,845942
Edison,Rural,2,4.0,1583.0,1974,1.322,1,0,303500
Grand Rapids,Rural,4,3.0,2529.0,2006,0.579,1,1,646954
Jacksonville,Downtown,5,1.0,1604.0,2004,1.188,1,1,1013448
Jacksonville,Downtown,1,1.0,,1965,0.306,0,0,725764
Fresno,Suburban,2,3.0,2855.0,1963,0.792,1,1,826280
Edison,Downtown,2,4.0,1156.0,1988,0.358,1,1,548588
Denver,Rural,2,,997.0,1977,0.399,1,0,169839
Boston,Downtown,4,4.0,1748.0,2000,0.435,1,0,562573
Denver,Suburban,5,2.0,2198.0,1998,0.419,0,1,574691
Jacksonville,Suburban,4,1.0,2078.0,1958,0.42,1,1,814669
Jacksonville,Suburban,3,4.0,,2007,1.155,1,0,895370
Charlotte,Suburban,2,2.0,,1994,0.572,0,0,425105
Jacksonville,Suburban,3,3.0,2272.0,1971,0.637,1,0,837368
Arlington,Downtown,1,1.0,500.0,1981,0.423,0,1,179035
Houston,Downtown,1,3.0,1350.0,2018,0.93,0,0,714203
Edison,Downtown,4,1.0,1744.0,2018,0.688,0,0,647366
Denver,Downtown,5,4.0,2223.0,1991,0.462,0,1,801807
Houston,Suburban,3,4.0,2694.0,2002,0.215,1,0,916725
Grand Rapids,Rural,5,,1269.0,2008,0.633,0,0,745173
Boston,Downtown,4,1.0,2674.0,1988,0.786,0,0,700162
Arlington,Rural,1,1.0,1528.0,1964,0.309,1,1,269150
Denver,Downtown,5,4.0,1722.0,2020,0.466,1,0,730776
Houston,Downtown,5,2.0,2149.0,1978,0.768,1,1,1001564
Boston,Rural,1,3.0,1678.0,1952,0.217,1,0,196118
Charlotte,Suburban,3,3.0,,1959,0.377,1,0,459557
Arlington,Downtown,1,4.0,1557.0,1978,,0,0,376752
Arlington,Downtown,5,3.0,1566.0,1984,1.08,1,0,452107
Charlotte,Downtown,3,1.0,2431.0,1955,2.065,0,1,762934
Edison,Rural,3,2.0,1342.0,1961,1.802,1,0,220560
Charlotte,Suburban,1,3.0,1949.0,1987,0.607,0,1,408004
Arlington,Rural,5,2.0,804.0,1968,0.416,1,0,142575
Arlington,Rural,4,1.0,2892.0,2016,0.968,1,1,402010
Houston,Suburban,5,3.0,2524.0,1957,,1,1,779836
Jacksonville,Rural,2,,3450.0,1957,0.352,0,1,886913
Boston,Suburban,4,2.0,2603.0,1996,0.463,1,0,481522
Charlotte,Downtown,3,1.0,1122.0,1953,0.43,1,0,273897
Boston,Suburban,4,2.0,2201.0,2000,0.713,1,0,522726
Charlotte,Downtown,3,3.0,1249.0,2016,0.388,0,1,507035
Grand Rapids,Rural,3,3.0,2747.0,1994,0.586,1,0,689384
Arlington,Rural,4,4.0,1139.0,1957,1.449,1,1,234427
Jacksonville,Downtown,3,1.0,1111.0,1965,0.599,1,1,630829
Houston,Rural,3,1.0,834.0,2016,1.382,1,0,377103
Jacksonville,Suburban,2,4.0,1507.0,1958,1.144,1,1,669755
Jacksonville,Downtown,5,4.0,1386.0,2009,0.794,1,1,928728
Jacksonville,Rural,5,1.0,1043.0,2020,0.45,1,1,432542
Boston,Downtown,2,2.0,2994.0,1964,1.039,1,0,757902
Charlotte,Suburban,4,2.0,2118.0,2020,0.479,0,0,482283
Idaho Falls,Suburban,1,4.0,2047.0,1990,0.556,1,0,674926
Grand Rapids,Rural,1,2.0,2753.0,1971,0.678,0,1,589718
Denver,Suburban,1,,1954.0,1973,0.555,0,1,501267
Jacksonville,Downtown,2,3.0,1351.0,1993,0.361,1,0,698671
Edison,Suburban,2,3.0,780.0,1950,0.223,0,1,243385
Boston,Downtown,3,2.0,1317.0,1959,,1,0,344484
Houston,Downtown,1,4.0,2703.0,2021,0.783,1,1,1269517
Denver,Suburban,4,,1047.0,2005,0.198,1,1,404779
Idaho Falls,Rural,4,4.0,2012.0,1999,0.355,1,1,583670
Edison,Suburban,1,4.0,2420.0,1961,0.619,1,1,635465
Idaho Falls,Downtown,1,4.0,1971.0,2009,0.726,0,0,884748
Denver,Downtown,1,2.0,2039.0,1975,0.224,1,0,557518
Jacksonville,Suburban,2,,2193.0,1990,0.527,1,1,840983
Edison,Rural,2,3.0,2028.0,1985,0.769,1,0,512734
Idaho Falls,Rural,2,2.0,2765.0,1972,0.451,1,0,694776
Houston,Downtown,5,4.0,1176.0,1992,0.649,1,1,699621
Charlotte,Downtown,4,2.0,1944.0,1955,0.415,0,0,499031
Arlington,Rural,4,3.0,709.0,2018,0.96,1,1,247932
Charlotte,Suburban,3,1.0,556.0,1992,0.344,1,1,171489
Denver,Downtown,2,2.0,1751.0,1974,0.28,0,1,584950
Boston,Downtown,5,4.0,2126.0,1967,0.566,1,1,594677
Arlington,Rural,5,3.0,,2011,0.235,1,1,395214
Grand Rapids,Suburban,4,3.0,3252.0,1962,0.157,1,1,897735
Houston,Rural,2,3.0,2592.0,1992,1.066,0,1,628922
Grand Rapids,Suburban,3,3.0,2236.0,1977,0.308,0,0,556116
Edison,Suburban,2,4.0,1896.0,1967,0.25,1,1,515167
Arlington,Suburban,1,1.0,881.0,2008,0.342,0,1,198830
Grand Rapids,Downtown,2,3.0,1712.0,2009,0.333,1,0,754446
Grand Rapids,Rural,1,2.0,2574.0,2012,0.511,1,0,604711
Idaho Falls,Rural,1,1.0,,2006,0.289,1,1,723923
Charlotte,Suburban,3,3.0,1028.0,2000,0.75,1,0,321664
Idaho Falls,Downtown,4,1.0,2168.0,2005,0.82,1,1,1007925
Arlington,Downtown,2,2.0,2117.0,1976,0.259,0,1,431131
Arlington,Rural,1,3.0,2010.0,1981,0.384,0,0,274795
Denver,Downtown,2,2.0,1783.0,1958,0.407,1,1,528725
Idaho Falls,Downtown,4,4.0,2199.0,2017,0.504,1,0,1067531
Fresno,Suburban,4,3.0,2218.0,1995,1.065,1,1,716841
Charlotte,Downtown,5,3.0,1415.0,2016,1.103,1,0,563922
Arlington,Suburban,4,3.0,2073.0,1975,2.492,1,1,531680
Denver,Rural,3,3.0,1686.0,1957,0.143,0,0,264283
Idaho Falls,Downtown,1,4.0,908.0,1955,0.32,0,0,400068
Charlotte,Rural,5,3.0,1463.0,1973,1.652,0,0,386007
Idaho Falls,Rural,3,1.0,862.0,1997,0.189,1,0,298533
Grand Rapids,Downtown,2,3.0,2388.0,1994,1.63,1,0,976849
Denver,Downtown,1,4.0,2014.0,1962,0.608,1,0,585910
Charlotte,Rural,4,3.0,1587.0,2018,0.621,1,0,302700
Jacksonville,Downtown,1,1.0,2652.0,1974,0.258,1,1,1123260
Edison,Suburban,2,4.0,1841.0,1969,0.424,1,1,559075
Edison,Suburban,5,4.0,941.0,2015,1.587,0,1,534306
Charlotte,Downtown,5,1.0,1536.0,1994,0.541,1,1,465472
Idaho Falls,Rural,5,1.0,2780.0,1996,0.426,1,0,771696
Denver,Downtown,4,1.0,1398.0,2012,0.71,0,0,518927
Edison,Downtown,3,1.0,1965.0,2004,0.496,1,0,673567
Denver,Rural,3,1.0,2246.0,1968,0.684,1,1,405975
Edison,Rural,1,4.0,2154.0,1984,0.334,0,1,382501
Grand Rapids,Suburban,4,4.0,3270.0,2002,0.531,1,0,1017774
Idaho Falls,Rural,5,3.0,1094.0,1975,0.379,1,0,320923
Grand Rapids,Suburban,5,3.0,1154.0,1963,0.188,0,0,351248
Edison,Rural,2,2.0,1104.0,1994,0.743,1,1,320182
Jacksonville,Downtown,2,3.0,1622.0,1993,0.265,0,1,768188
Jacksonville,Suburban,5,3.0,2460.0,2014,0.504,1,0,917878
Grand Rapids,Suburban,5,1.0,1181.0,2000,0.97,0,0,497233
Jacksonville,Suburban,4,1.0,2468.0,1992,0.227,1,1,894007
Edison,Downtown,3,3.0,1821.0,1972,0.8,1,1,661804
Charlotte,Downtown,2,2.0,1135.0,2005,0.465,0,0,384873
Grand Rapids,Downtown,3,1.0,749.0,1968,0.312,1,1,392363
Boston,Downtown,4,3.0,883.0,2004,1.873,1,0,456064
Idaho Falls,Downtown,5,3.0,1400.0,2009,0.556,1,1,814232
Jacksonville,Suburban,3,4.0,1699.0,2008,0.396,1,1,724061
Jacksonville,Downtown,5,2.0,2608.0,1982,0.348,1,0,1217652
Arlington,Suburban,5,4.0,2279.0,1968,0.944,0,0,457347
Fresno,Downtown,1,2.0,1297.0,1977,0.385,0,1,441620
Grand Rapids,Rural,3,1.0,2045.0,2001,0.876,1,0,473975
Houston,Suburban,3,2.0,2791.0,1998,0.556,1,1,901319
Jacksonville,Rural,5,3.0,2924.0,1986,1.087,1,1,903424
Idaho Falls,Suburban,4,3.0,1611.0,1975,0.298,1,1,627602
Boston,Rural,1,2.0,2375.0,1989,,1,0,300643
Jacksonville,Downtown,5,2.0,2634.0,1987,0.47,1,0,1227454
Boston,Downtown,2,2.0,896.0,2003,0.494,0,1,294396
Edison,Downtown,2,4.0,1493.0,1971,0.45,0,0,481905
Edison,Suburban,1,2.0,3132.0,1965,2.698,1,1,839289
Fresno,Rural,4,1.0,1619.0,1977,1.919,1,1,446105
Charlotte,Downtown,5,4.0,500.0,1984,0.666,1,0,336409
Houston,Rural,3,4.0,1727.0,2009,0.715,0,1,517745
Arlington,Rural,1,2.0,2475.0,1994,0.483,1,0,348333
Fresno,Downtown,4,1.0,1804.0,1995,0.296,1,0,612768
Denver,Downtown,3,4.0,2229.0,2021,0.499,0,1,795230
Arlington,Rural,2,3.0,2363.0,2004,0.884,1,1,394532
Grand Rapids,Downtown,2,4.0,1587.0,1975,,1,0,743647
Idaho Falls,Downtown,3,2.0,1488.0,1974,1.011,1,1,796486
Denver,Downtown,1,1.0,1892.0,2014,0.225,1,0,619244
Denver,Suburban,2,2.0,1907.0,1955,0.468,1,0,398072
Fresno,Rural,5,3.0,,1972,0.23,0,0,438420
Charlotte,Rural,3,3.0,1857.0,2013,1.122,0,1,477401
Fresno,Suburban,3,3.0,1351.0,1992,0.434,1,0,426744
Grand Rapids,Rural,2,2.0,2250.0,1972,0.541,1,0,561945
Jacksonville,Downtown,1,4.0,2160.0,1979,0.742,0,0,1040118
Jacksonville,Rural,5,2.0,998.0,1967,2.925,1,1,493824
Charlotte,Downtown,1,1.0,1567.0,1970,0.654,1,0,411024
Grand Rapids,Suburban,4,4.0,1856.0,2006,0.482,1,0,661461
Charlotte,Downtown,4,3.0,1479.0,1972,0.264,0,0,475488
Boston,Rural,2,2.0,2182.0,1994,1.335,1,1,404396
Jacksonville,Rural,2,3.0,1760.0,1993,0.499,0,1,542068
Denver,Rural,2,,1901.0,1996,1.504,1,0,338786
Houston,Suburban,4,1.0,1560.0,1989,1.08,1,1,628100
Idaho Falls,Suburban,1,4.0,604.0,2000,0.421,1,0,266614
Grand Rapids,Rural,1,1.0,570.0,1991,0.241,0,1,128203
Arlington,Downtown,2,1.0,2154.0,1956,0.655,0,0,416632
Charlotte,Suburban,5,1.0,1960.0,1999,0.385,1,0,405141
Idaho Falls,Rural,1,3.0,2063.0,1997,0.57,1,0,590021
Arlington,Rural,4,1.0,1881.0,1955,1.044,1,1,268656
Idaho Falls,Suburban,3,1.0,1929.0,1958,0.206,1,1,646469
Houston,Suburban,3,4.0,2381.0,2006,0.652,1,0,766183
Arlington,Suburban,3,4.0,2067.0,1980,0.878,0,1,388023
Fresno,Downtown,5,,2425.0,1970,0.904,0,0,843936
Edison,Downtown,2,4.0,,1989,0.246,0,0,661392
Fresno,Rural,4,4.0,1620.0,1994,0.716,0,0,458818
Jacksonville,Suburban,5,1.0,1917.0,1998,1.145,1,1,780046
Edison,Downtown,4,3.0,1298.0,1969,0.684,1,1,530849
Fresno,Suburban,4,1.0,1572.0,1966,0.519,1,0,455774
Edison,Rural,2,4.0,1907.0,1977,1.102,0,0,337000
Edison,Downtown,3,,1899.0,1990,0.367,0,0,675503
Denver,Downtown,2,2.0,1736.0,2015,0.222,0,0,598252
Charlotte,Downtown,5,3.0,967.0,1974,0.493,0,0,299524
Charlotte,Rural,5,4.0,2182.0,2007,0.767,1,0,436248
Denver,Suburban,5,3.0,2301.0,1990,1.038,1,0,668354
Idaho Falls,Downtown,2,1.0,2786.0,1955,0.765,0,0,1073668
Boston,Rural,4,2.0,2065.0,1987,0.919,0,0,361246
Idaho Falls,Suburban,4,2.0,1801.0,1955,1.042,0,0,646844
Arlington,Rural,1,2.0,1192.0,1994,0.454,0,0,254933
Arlington,Suburban,5,4.0,2695.0,1963,,1,1,503224
Edison,Rural,4,4.0,1949.0,2015,1.204,0,0,480087
Fresno,Suburban,1,2.0,1916.0,1989,0.269,1,1,586414
Fresno,Downtown,4,3.0,1648.0,1952,0.72,1,0,614947
Charlotte,Suburban,5,2.0,1609.0,1973,0.362,1,0,338088
Grand Rapids,Rural,3,3.0,2213.0,1968,1.077,1,0,522396
Idaho Falls,Rural,5,3.0,1187.0,1967,0.55,1,0,403087
Jacksonville,Suburban,2,4.0,2775.0,2013,,0,0,1002022
Houston,Downtown,4,3.0,2645.0,1984,1.57,1,1,1208245
Fresno,Downtown,4,2.0,1588.0,2011,0.292,1,0,626452
Houston,Suburban,2,4.0,1282.0,1950,0.633,0,0,478442
Edison,Suburban,2,1.0,591.0,1974,0.499,1,1,202538
Houston,Rural,3,1.0,1049.0,1994,0.766,1,0,300675
Jacksonville,Downtown,4,4.0,2238.0,1998,1.771,1,1,1282562
Denver,Suburban,4,2.0,1989.0,1965,,0,0,481739
Jacksonville,Downtown,3,1.0,2096.0,1968,0.271,0,1,937638
Houston,Suburban,1,1.0,693.0,1972,0.342,1,0,210001
Jacksonville,Suburban,3,3.0,1563.0,1974,0.484,0,0,584342
Boston,Downtown,5,3.0,2620.0,1965,0.578,1,1,709943
Edison,Suburban,4,2.0,1742.0,2003,0.596,1,0,483826
Idaho Falls,Suburban,2,4.0,1037.0,2022,1.641,0,0,510530
Denver,Rural,5,2.0,1733.0,1950,1.475,1,1,402847
Fresno,Suburban,4,4.0,1337.0,1991,1.216,1,0,484977
Arlington,Suburban,3,1.0,2000.0,1968,2.515,0,0,407412
Idaho Falls,Suburban,5,3.0,1812.0,1983,0.912,1,1,759797
Arlington,Rural,4,2.0,2126.0,2004,1.082,1,0,343193
Edison,Downtown,1,2.0,1069.0,1967,0.902,1,1,412491
Denver,Rural,1,4.0,1531.0,1983,0.817,1,1,328632
Charlotte,Rural,2,4.0,2454.0,1994,0.705,1,0,404057
Fresno,Downtown,4,2.0,987.0,1955,0.438,1,0,368979
Boston,Rural,1,4.0,1198.0,1970,0.263,1,0,230537
Charlotte,Downtown,3,2.0,1920.0,2019,0.514,1,0,667192
Edison,Rural,4,2.0,1972.0,1997,0.781,1,1,521157
Idaho Falls,Downtown,3,2.0,1507.0,1988,0.581,1,0,736680
Boston,Suburban,3,1.0,1633.0,1980,0.294,0,0,364046
Jacksonville,Rural,1,4.0,2120.0,1959,0.504,1,1,601533
Houston,Rural,4,3.0,2310.0,1979,0.488,1,1,576511
Boston,Rural,5,3.0,1158.0,1967,0.536,0,0,293981
Edison,Rural,1,4.0,2019.0,2009,0.747,1,0,489104
Grand Rapids,Suburban,1,2.0,2707.0,2022,0.85,0,1,782211
Houston,Rural,4,3.0,,1964,0.412,0,1,534278
Arlington,Suburban,4,3.0,1152.0,1953,1.002,1,1,236721
Fresno,Suburban,3,4.0,1124.0,2012,1.097,1,0,455172
Arlington,Suburban,4,3.0,1704.0,1989,0.674,0,0,381184
Boston,Suburban,3,2.0,2422.0,1958,0.829,1,0,508366
Arlington,Downtown,1,4.0,1776.0,1958,1.004,1,0,387794
Edison,Downtown,2,,1914.0,1975,0.288,0,1,691209
Jacksonville,Rural,5,3.0,1202.0,1953,1.048,1,1,487963
Idaho Falls,Downtown,1,3.0,2390.0,1965,0.346,1,1,977794
Fresno,Downtown,4,2.0,1113.0,1964,0.367,1,0,433040
Arlington,Rural,5,1.0,1497.0,2001,0.626,1,1,328006
Arlington,Rural,2,3.0,2178.0,2018,0.154,1,1,284316
Boston,Rural,2,1.0,576.0,1954,0.618,0,1,164221
Idaho Falls,Downtown,3,3.0,1904.0,1969,1.003,0,0,899585
Charlotte,Downtown,5,1.0,1177.0,1967,0.207,1,0,373061
Arlington,Rural,3,1.0,1810.0,1951,1.069,1,1,268797
Edison,Suburban,1,1.0,1589.0,1962,0.366,0,0,425485
Grand Rapids,Rural,5,2.0,3064.0,1953,0.63,1,1,785759
Fresno,Suburban,1,1.0,1564.0,1991,0.399,1,0,403117
Arlington,Suburban,3,1.0,2906.0,2010,0.785,0,1,549601
Edison,Rural,5,1.0,2152.0,1957,1.029,0,1,525137
Edison,Rural,3,3.0,1319.0,2016,0.82,0,1,347116
Fresno,Rural,5,1.0,1998.0,2012,0.555,1,0,500863
Charlotte,Downtown,3,3.0,1617.0,1958,0.418,0,1,519938
Edison,Suburban,2,1.0,1945.0,1960,0.534,1,1,399540
Grand Rapids,Downtown,3,1.0,1372.0,1991,0.825,1,0,633029
Edison,Downtown,2,2.0,2814.0,1962,0.842,1,1,860220
Edison,Rural,3,3.0,2355.0,1985,0.774,0,0,499419
Edison,Downtown,5,1.0,1819.0,1962,0.258,1,0,630351
Jacksonville,Rural,5,3.0,2837.0,1961,0.549,1,0,688938
Jacksonville,Suburban,5,3.0,1845.0,1986,0.38,1,1,803340
Charlotte,Rural,4,4.0,2459.0,2022,0.829,1,0,577548
Arlington,Downtown,1,2.0,1823.0,2001,0.352,1,1,436684
Edison,Downtown,5,2.0,2036.0,2020,0.73,1,0,821844
Idaho Falls,Rural,2,2.0,1751.0,1951,0.47,0,0,470712
Arlington,Rural,5,4.0,1857.0,2005,0.18,0,1,257882
Charlotte,Downtown,4,4.0,1902.0,2009,0.973,0,1,713039
Denver,Suburban,2,2.0,1398.0,1972,0.548,1,1,411073
Arlington,Suburban,4,4.0,1559.0,1989,1.196,0,0,373816
Arlington,Rural,2,4.0,1670.0,2013,0.205,0,0,275071
Houston,Suburban,3,4.0,1938.0,1972,0.467,1,1,643920
Boston,Downtown,1,2.0,1782.0,1978,0.489,0,1,516542
Houston,Rural,1,2.0,2504.0,2000,0.654,0,0,612208
Grand Rapids,Downtown,4,2.0,2308.0,2018,0.251,0,0,894884
Jacksonville,Downtown,1,4.0,1682.0,1980,0.771,1,1,895496
Jacksonville,Suburban,4,2.0,2629.0,1999,1.752,1,0,1045310
Boston,Rural,4,4.0,2924.0,1969,0.74,1,1,418031
Fresno,Rural,4,1.0,574.0,2004,0.588,1,0,218343
Fresno,Suburban,1,4.0,2359.0,1951,0.243,1,0,577704
Charlotte,Downtown,4,3.0,1384.0,1974,0.35,1,1,528765
Boston,Downtown,1,2.0,2280.0,1962,0.538,1,0,454714
Arlington,Downtown,4,2.0,2543.0,2019,0.405,1,0,660224
Fresno,Downtown,5,3.0,1274.0,2016,1.03,1,1,771225
Edison,Rural,4,4.0,689.0,2007,0.766,0,0,188138
Idaho Falls,Rural,2,1.0,2301.0,2013,2.799,0,0,652744
Arlington,Suburban,4,3.0,1881.0,2018,0.309,0,1,473499
Grand Rapids,Suburban,3,3.0,799.0,2008,0.568,1,0,341306
Edison,Rural,4,4.0,3318.0,2009,0.243,1,0,816846
Edison,Rural,2,2.0,2175.0,2011,0.147,1,0,383058
Boston,Downtown,2,4.0,2202.0,1965,0.858,0,0,571531
Charlotte,Downtown,1,3.0,2619.0,2017,0.75,1,1,804808
Grand Rapids,Suburban,5,3.0,1452.0,1964,,1,1,502870
Fresno,Rural,4,2.0,1878.0,2004,0.588,1,0,484859
Boston,Suburban,1,2.0,1008.0,1984,0.381,1,1,264888
Fresno,Rural,5,2.0,1435.0,2004,0.414,1,1,408128
Boston,Downtown,4,4.0,2031.0,1963,0.459,1,0,504411
Boston,Suburban,3,2.0,801.0,1998,0.325,1,1,283462
Boston,Suburban,4,3.0,1418.0,1956,0.362,1,0,321974
Charlotte,Rural,2,3.0,1243.0,1979,0.368,0,1,257482
Boston,Downtown,2,1.0,1885.0,1998,0.717,0,1,538804
Denver,Suburban,3,4.0,2145.0,1965,0.105,1,0,532390
Idaho Falls,Downtown,1,1.0,2245.0,2000,0.485,0,0,890004
Fresno,Suburban,5,3.0,2399.0,2021,0.29,1,0,763693
Arlington,Downtown,4,1.0,2623.0,1991,0.296,0,0,548038
Houston,Rural,2,3.0,2164.0,1966,0.406,1,0,557755
Grand Rapids,Suburban,1,1.0,2932.0,2012,0.552,1,1,854033
Jacksonville,Suburban,3,2.0,1872.0,1994,0.489,0,0,711309
Charlotte,Downtown,2,1.0,1696.0,1956,0.294,1,0,403684
Arlington,Downtown,3,2.0,2164.0,1976,,1,1,559137
Edison,Suburban,4,2.0,1670.0,1959,0.324,1,0,384218
Denver,Rural,5,4.0,2912.0,1983,0.358,0,1,575739
Jacksonville,Downtown,2,2.0,2479.0,1985,0.66,1,1,1207237
Houston,Downtown,2,2.0,2250.0,1974,0.674,0,0,889149
Arlington,Downtown,4,1.0,1879.0,1955,0.385,1,0,409757
Jacksonville,Suburban,1,3.0,1556.0,1973,0.096,1,0,613606
Arlington,Suburban,5,4.0,2221.0,1967,0.327,1,1,473126
Denver,Suburban,2,2.0,1124.0,1955,0.613,1,0,306007
Houston,Suburban,5,4.0,2721.0,1978,0.841,1,1,970609
Edison,Rural,2,1.0,1693.0,1974,0.531,0,1,377823
Boston,Rural,5,2.0,1983.0,2004,0.417,1,0,415047
Fresno,Suburban,3,1.0,1254.0,1995,2.203,0,1,478416
Edison,Rural,2,4.0,,1973,0.445,1,0,502118
Boston,Downtown,5,1.0,1528.0,1975,0.803,1,1,475477
Charlotte,Downtown,1,4.0,2190.0,1977,0.25,1,0,592910
Idaho Falls,Downtown,3,1.0,2254.0,1952,0.289,1,1,903131
Grand Rapids,Suburban,3,4.0,1411.0,1987,0.82,1,0,533131
Grand Rapids,Downtown,1,3.0,1126.0,2010,1.041,1,1,604006
Fresno,Rural,5,1.0,2719.0,2000,0.44,1,0,635936
Houston,Suburban,4,1.0,1685.0,1997,0.184,0,0,539135
Denver,Rural,1,3.0,1935.0,1970,0.503,1,0,361294
Houston,Downtown,5,3.0,,2003,0.623,1,0,1037831
Denver,Downtown,1,1.0,1048.0,2005,0.59,1,1,421488
Houston,Downtown,1,3.0,2078.0,2008,0.397,1,1,1007702
Idaho Falls,Suburban,2,2.0,1859.0,2021,0.508,1,0,677459
Charlotte,Rural,5,4.0,,2000,0.355,0,0,267982
Charlotte,Suburban,4,4.0,1106.0,1969,0.286,1,0,286931
Boston,Suburban,2,4.0,2164.0,2008,0.876,1,0,372796
Jacksonville,Downtown,1,2.0,2477.0,2020,0.59,0,0,1187289
Charlotte,Suburban,1,3.0,1907.0,1958,0.508,0,0,338036
Charlotte,Suburban,1,3.0,939.0,1950,0.41,1,0,183064
Edison,Downtown,5,1.0,1166.0,1978,0.499,0,0,461867
Edison,Suburban,5,3.0,1541.0,2012,0.613,0,1,531968
Boston,Downtown,2,1.0,2739.0,2021,1.57,0,0,717275
Jacksonville,Downtown,4,2.0,1652.0,2005,0.824,0,0,805266
Fresno,Downtown,2,4.0,1519.0,2017,0.373,1,1,773102
Edison,Downtown,3,4.0,796.0,1984,,1,1,458679
Fresno,Suburban,1,4.0,1406.0,1952,0.342,0,0,454508
Arlington,Downtown,1,,1060.0,1956,0.493,0,1,244231
Edison,Downtown,1,1.0,1198.0,1976,0.342,0,1,348211
Idaho Falls,Suburban,2,1.0,1872.0,1950,0.74,1,0,604260
Jacksonville,Suburban,2,2.0,1559.0,2020,0.114,0,0,599246
Boston,Rural,1,3.0,2820.0,1993,0.767,1,0,463760
Arlington,Suburban,2,2.0,2447.0,1990,0.656,1,0,494139
Jacksonville,Suburban,5,1.0,1435.0,1991,1.187,0,0,623393
Idaho Falls,Rural,5,1.0,1250.0,1982,0.942,0,1,431067
Jacksonville,Suburban,2,4.0,2630.0,1999,0.369,0,0,948227
Idaho Falls,Suburban,1,3.0,2796.0,2012,0.88,1,0,901453
Idaho Falls,Suburban,2,1.0,,1986,0.503,1,0,286584
Fresno,Suburban,2,4.0,1856.0,2008,0.174,0,0,607632
Houston,Rural,2,3.0,1649.0,1997,0.612,1,1,521478
Arlington,Suburban,3,2.0,2189.0,1954,0.383,0,0,286750
Jacksonville,Suburban,5,3.0,2966.0,1997,0.556,1,1,1122300
Denver,Rural,4,3.0,1510.0,1952,1.499,1,0,391253
Arlington,Downtown,4,1.0,564.0,1996,0.637,1,0,194848
Houston,Rural,3,1.0,2147.0,2011,0.302,1,1,631984
Arlington,Downtown,2,3.0,2634.0,1963,0.992,1,0,591272
Charlotte,Rural,3,1.0,1618.0,2012,0.692,1,0,349413
Denver,Rural,3,1.0,1377.0,2010,0.282,1,1,301909
Houston,Suburban,1,1.0,1538.0,1980,0.212,1,0,456020
Fresno,Downtown,5,4.0,2310.0,1966,0.31,0,1,894957
Jacksonville,Suburban,4,4.0,1527.0,1973,0.919,0,1,635513
Grand Rapids,Downtown,2,3.0,1997.0,1972,0.464,1,0,776184
Houston,Rural,4,1.0,1817.0,1999,0.584,1,0,699699
Boston,Rural,4,4.0,1755.0,2019,0.249,1,0,317720
Jacksonville,Downtown,5,3.0,2221.0,1976,0.934,1,0,1135172
Houston,Suburban,4,1.0,1513.0,1964,0.166,1,1,539397
Charlotte,Suburban,4,2.0,1542.0,1999,0.375,1,1,427930
Grand Rapids,Suburban,3,1.0,2279.0,1985,0.715,1,0,608052
Charlotte,Suburban,5,1.0,1208.0,1957,0.284,1,0,309382
Grand Rapids,Rural,1,4.0,1272.0,1952,0.804,1,0,280308
Boston,Rural,2,3.0,1044.0,2011,0.33,0,0,237402
Jacksonville,Rural,4,3.0,2309.0,1996,0.267,1,1,677121
Fresno,Rural,2,4.0,1737.0,2010,1.204,1,0,451709
Charlotte,Rural,1,1.0,1012.0,1981,0.61,1,1,169612
Charlotte,Suburban,2,2.0,2312.0,1962,0.76,0,1,490534
Idaho Falls,Suburban,1,1.0,1467.0,1950,1.025,0,1,468177
Grand Rapids,Suburban,3,1.0,1277.0,1983,0.116,1,0,408465
Edison,Suburban,4,2.0,1683.0,2011,0.814,1,1,548882
Jacksonville,Rural,1,4.0,2687.0,2020,0.352,1,1,769748
Grand Rapids,Rural,2,3.0,1563.0,1980,0.381,1,1,431940
Idaho Falls,Rural,4,4.0,2145.0,2013,0.723,1,0,609721
Arlington,Downtown,3,4.0,2236.0,1974,0.447,1,0,496319
Grand Rapids,Suburban,4,1.0,2066.0,1987,0.795,0,1,636201
Fresno,Suburban,1,3.0,2563.0,1963,0.543,1,0,636742
Jacksonville,Rural,3,3.0,1376.0,1957,0.615,1,0,353496
Idaho Falls,Suburban,2,4.0,1174.0,2003,0.415,0,1,593564
Arlington,Suburban,3,2.0,1162.0,1951,0.294,1,0,269238
Denver,Rural,3,4.0,1713.0,2005,0.357,1,0,474603
Idaho Falls,Downtown,5,2.0,1232.0,2010,0.523,1,0,766156
Denver,Downtown,3,3.0,1889.0,1971,1.675,1,1,683270
Jacksonville,Downtown,3,4.0,1846.0,1984,1.346,1,0,1000486
Charlotte,Rural,4,1.0,2411.0,1965,0.376,0,1,377906
Idaho Falls,Suburban,2,4.0,1975.0,1999,0.577,1,0,818840
Boston,Rural,4,3.0,1550.0,1992,0.468,1,0,283508
Denver,Rural,4,1.0,2047.0,1966,0.602,1,1,446406
Fresno,Suburban,1,1.0,1182.0,2007,0.65,1,0,426136
Boston,Downtown,4,2.0,1777.0,1951,0.764,0,1,477457
Houston,Downtown,5,1.0,1992.0,1953,0.098,0,0,664848
Houston,Rural,5,1.0,1878.0,1988,0.693,1,0,506304
Arlington,Downtown,1,4.0,2049.0,1955,,0,0,445118
Charlotte,Rural,2,3.0,1414.0,2018,0.364,1,0,354324
Jacksonville,Rural,2,2.0,2491.0,2018,0.896,1,1,785242
Idaho Falls,Suburban,4,4.0,2893.0,1969,,1,1,1000752
Edison,Suburban,4,1.0,838.0,2013,0.841,0,0,357479
Fresno,Suburban,4,1.0,1071.0,1965,0.408,1,0,307012
Denver,Rural,2,2.0,1826.0,2000,0.292,1,1,279905
Jacksonville,Suburban,3,3.0,1646.0,1986,0.092,0,0,618051
Boston,Downtown,5,,2938.0,2022,0.621,0,0,805859
Houston,Downtown,3,4.0,1932.0,2018,0.788,0,1,956985
Fresno,Rural,3,2.0,2636.0,1991,0.523,1,1,591176
Edison,Rural,2,1.0,571.0,2006,0.974,0,1,237883
Idaho Falls,Suburban,3,4.0,2289.0,2015,0.252,1,1,900308
Arlington,Rural,1,1.0,1371.0,1958,0.502,1,1,128474
Edison,Rural,4,3.0,1361.0,2013,0.479,1,0,416911
Fresno,Downtown,1,1.0,1651.0,1971,0.521,0,0,599224
Edison,Downtown,5,1.0,945.0,1983,1.121,1,0,417634
Fresno,Suburban,4,2.0,2066.0,2004,0.522,0,1,561407
Fresno,Rural,3,1.0,1914.0,1978,0.466,1,1,467739
Grand Rapids,Rural,5,,1960.0,1987,0.317,1,1,524368
Denver,Downtown,4,4.0,2332.0,1967,1.235,1,1,834821
Houston,Rural,3,3.0,2709.0,2020,0.236,1,1,831086
Grand Rapids,Downtown,1,4.0,1582.0,2014,0.399,0,1,687798
Idaho Falls,Suburban,4,2.0,2086.0,1950,1.537,1,0,692030
Grand Rapids,Downtown,3,3.0,1976.0,1953,0.737,1,1,790798
Charlotte,Rural,1,4.0,2027.0,1953,0.55,0,0,380490
Charlotte,Suburban,5,2.0,2036.0,1976,0.564,1,0,301940
Houston,Downtown,5,4.0,2754.0,1992,0.315,1,1,1240851
Edison,Downtown,5,4.0,1524.0,2008,0.534,1,1,644231
Denver,Suburban,5,1.0,885.0,1981,0.451,1,0,254405
Houston,Suburban,2,4.0,1381.0,1982,0.62,1,0,486435
Fresno,Downtown,4,4.0,,1977,0.225,1,1,909257
Boston,Rural,4,,1814.0,2004,0.706,1,1,361085
Denver,Downtown,2,2.0,1519.0,2009,1.024,1,1,557725
Denver,Suburban,3,1.0,1154.0,2019,0.492,0,0,302908
Fresno,Downtown,3,4.0,1933.0,2011,0.82,0,0,800816
Fresno,Suburban,5,1.0,2187.0,1983,0.67,1,0,608936
Arlington,Suburban,1,4.0,1984.0,2005,0.386,1,0,382704
Houston,Rural,3,3.0,1648.0,1962,0.295,1,0,422743
Fresno,Suburban,1,3.0,1888.0,2005,0.321,0,1,620176
Charlotte,Suburban,4,1.0,1885.0,1967,0.663,0,0,376380
Idaho Falls,Rural,1,1.0,1914.0,2003,0.538,1,0,493976
Boston,Suburban,4,1.0,1089.0,1992,1.196,1,0,232071
Houston,Rural,2,2.0,1918.0,1988,0.894,0,0,487892
Jacksonville,Rural,2,2.0,1536.0,2010,0.893,1,1,562108
Charlotte,Suburban,5,2.0,2424.0,1991,0.652,1,1,506603
Edison,Suburban,3,1.0,1880.0,1967,0.312,1,1,463836
Fresno,Downtown,5,4.0,2301.0,1972,0.676,1,0,935679
Jacksonville,Rural,4,3.0,1619.0,2003,0.578,0,0,567541
Fresno,Downtown,5,1.0,1641.0,1979,0.281,1,0,627013
Denver,Suburban,1,2.0,2697.0,2007,1.15,1,0,677409
Charlotte,Downtown,4,2.0,2062.0,2017,1.078,0,1,675709
Denver,Rural,2,1.0,1371.0,2016,0.28,1,0,265470
Arlington,Downtown,3,1.0,2338.0,2020,0.379,1,1,635411
Denver,Rural,4,2.0,1480.0,1967,0.4,1,0,327378
Arlington,Suburban,4,4.0,1935.0,1956,0.802,1,1,357880
Arlington,Suburban,1,2.0,2902.0,1989,0.749,0,1,424137
Jacksonville,Rural,3,2.0,941.0,2019,0.571,1,1,396039
Fresno,Suburban,2,1.0,1695.0,2014,0.656,0,0,523309
Edison,Suburban,4,4.0,2045.0,2017,0.257,1,1,615894
Denver,Suburban,4,2.0,2259.0,1998,0.699,1,1,609645
Charlotte,Suburban,1,2.0,1055.0,2001,0.524,1,0,334573
Arlington,Rural,5,3.0,879.0,1978,0.37,1,0,171346
Fresno,Downtown,2,1.0,2454.0,1970,0.222,1,1,829045
Boston,Downtown,3,3.0,1368.0,1958,0.565,0,1,418452
Houston,Suburban,4,3.0,1343.0,1996,0.689,1,0,499215
Jacksonville,Downtown,4,2.0,2730.0,1991,0.2,1,0,1197610
Edison,Downtown,2,1.0,1842.0,2000,0.563,1,1,699085
Grand Rapids,Suburban,5,4.0,1846.0,2005,,1,0,673722
Jacksonville,Suburban,4,2.0,1692.0,2000,0.399,1,0,680936
Boston,Downtown,2,4.0,1066.0,2019,0.699,0,0,397181
Houston,Rural,1,4.0,2205.0,1969,0.514,1,1,616358
Boston,Suburban,5,1.0,2046.0,1976,0.659,0,0,418137
Denver,Rural,3,3.0,1901.0,1987,0.767,1,1,435475
Arlington,Downtown,4,1.0,1730.0,2021,0.767,0,0,508893
Edison,Suburban,2,4.0,1625.0,2014,,0,1,613375
Idaho Falls,Rural,1,2.0,2347.0,2003,0.682,0,1,740625
Arlington,Suburban,3,4.0,1715.0,1973,0.418,1,0,308884
Idaho Falls,Downtown,2,2.0,1762.0,1996,0.377,1,0,902960
Houston,Rural,2,2.0,2118.0,2020,0.294,0,0,510212
Fresno,Downtown,3,,1925.0,2012,0.609,0,0,805779
Grand Rapids,Downtown,1,4.0,2785.0,2006,1.229,1,1,1161525
Charlotte,Suburban,1,3.0,743.0,2004,0.449,0,0,223619
Arlington,Rural,5,4.0,1980.0,2009,0.729,1,1,361279
Edison,Downtown,4,4.0,1377.0,2011,0.354,0,0,558948
Boston,Downtown,3,3.0,1235.0,1979,0.625,1,0,383727
Edison,Rural,3,1.0,1526.0,1971,1.184,0,0,292991
Houston,Downtown,3,4.0,1833.0,1978,0.84,1,0,799425
Idaho Falls,Downtown,1,4.0,1859.0,1990,,1,0,849785
Boston,Rural,4,2.0,890.0,1991,0.784,1,1,282386
Charlotte,Rural,5,4.0,1475.0,2014,0.805,0,0,337595
Charlotte,Rural,2,3.0,1969.0,1980,0.617,1,0,391259
Arlington,Rural,2,2.0,1274.0,1979,0.83,1,1,186532
Houston,Suburban,3,1.0,1131.0,1967,0.337,0,1,329106
Fresno,Rural,4,2.0,500.0,1966,0.578,0,0,179749
Houston,Suburban,1,3.0,1402.0,1987,1.083,1,1,627875
Idaho Falls,Suburban,4,3.0,1110.0,1963,1.026,0,0,463928
Edison,Suburban,4,2.0,1210.0,2005,0.773,1,1,474090
Charlotte,Downtown,1,1.0,1637.0,1971,0.328,1,1,510980
Edison,Suburban,3,2.0,,2016,0.298,1,1,469242
Edison,Suburban,4,1.0,1100.0,2005,0.596,1,1,386674
Edison,Downtown,2,2.0,530.0,1968,0.62,1,0,265089
Charlotte,Downtown,1,3.0,1981.0,2006,0.524,0,1,642241
Jacksonville,Downtown,5,4.0,2252.0,1993,0.343,1,0,1093526
Denver,Rural,3,4.0,1562.0,1984,0.723,0,0,353912
Idaho Falls,Downtown,1,1.0,1641.0,1950,0.594,1,0,620879
Jacksonville,Downtown,5,1.0,1802.0,2001,0.662,1,1,954310
Idaho Falls,Suburban,5,1.0,2747.0,2019,0.794,0,1,993155
Boston,Downtown,4,3.0,859.0,1986,0.472,1,0,269747
Houston,Rural,4,2.0,1551.0,2014,0.415,0,1,426115
Houston,Downtown,4,,767.0,2000,1.081,1,1,600387
Grand Rapids,Rural,1,4.0,2017.0,1950,0.353,1,0,483292
Houston,Downtown,1,1.0,1714.0,1970,0.42,1,0,626281
Charlotte,Downtown,3,2.0,1922.0,2002,1.167,0,1,597120
Fresno,Downtown,4,4.0,1892.0,1965,0.401,1,0,690232
Arlington,Downtown,5,4.0,2394.0,2010,0.524,1,0,652170
Grand Rapids,Rural,2,4.0,2123.0,2003,0.435,0,1,630002
Arlington,Rural,3,3.0,2298.0,1989,0.191,1,1,376501
Idaho Falls,Suburban,1,1.0,1161.0,1975,0.517,0,1,459413
Arlington,Rural,3,4.0,2516.0,2014,0.303,1,1,360526
Arlington,Downtown,3,1.0,1367.0,2013,0.648,1,0,376136
Grand Rapids,Suburban,3,3.0,1401.0,1992,1.08,1,0,564480
Boston,Suburban,3,4.0,1963.0,1966,0.147,1,1,357674
Edison,Suburban,2,3.0,1981.0,2008,0.436,1,0,529073
Houston,Downtown,4,3.0,1157.0,1972,0.73,1,1,677089
Houston,Rural,5,1.0,1696.0,1956,0.15,0,0,401153
Charlotte,Downtown,3,4.0,2693.0,1993,1.24,0,0,769755
Grand Rapids,Suburban,3,3.0,919.0,2002,0.699,1,0,338464
Charlotte,Downtown,3,4.0,2691.0,2020,1.066,1,1,940769
Fresno,Downtown,4,,1655.0,1983,0.397,1,0,533208
Fresno,Rural,1,3.0,500.0,1995,0.426,0,0,200571
Charlotte,Rural,1,1.0,980.0,2017,0.505,1,0,193007
Grand Rapids,Suburban,2,4.0,1222.0,1965,2.007,0,1,552848
Charlotte,Downtown,1,4.0,1426.0,2020,1.227,1,0,507047
Houston,Downtown,3,1.0,1737.0,1968,0.602,1,0,798638
Jacksonville,Rural,3,2.0,500.0,1951,0.648,0,0,191613
Denver,Downtown,3,3.0,1912.0,1959,0.814,0,1,643284
Arlington,Downtown,2,4.0,1167.0,1999,2.336,1,0,399959
Denver,Downtown,3,4.0,2634.0,1961,0.7,0,0,778654
Grand Rapids,Rural,1,3.0,1638.0,2019,0.572,1,0,451701
Denver,Suburban,4,1.0,2366.0,1971,0.454,0,0,588313
Fresno,Suburban,4,1.0,2466.0,1981,0.641,1,1,711346
Idaho Falls,Downtown,5,1.0,2450.0,1950,0.391,1,0,991485
Arlington,Suburban,1,2.0,1460.0,2003,0.749,1,1,336025
Edison,Rural,3,2.0,1452.0,2007,0.236,0,1,380379
Grand Rapids,Rural,4,4.0,1665.0,2019,0.476,0,0,436729
Arlington,Suburban,1,1.0,2182.0,1967,,1,1,457728
Denver,Suburban,4,,1494.0,1955,0.694,1,1,375159
Fresno,Downtown,3,4.0,1728.0,1994,0.422,0,1,735816
Boston,Suburban,4,3.0,1964.0,1972,0.484,0,0,456203
Jacksonville,Downtown,5,4.0,1257.0,1972,1.036,1,0,859658
Edison,Downtown,5,2.0,1219.0,1975,0.269,1,0,501247
Jacksonville,Rural,4,4.0,1705.0,1956,0.27,0,1,504498
Arlington,Rural,1,2.0,1785.0,1993,0.319,0,0,251863
Fresno,Rural,1,4.0,2060.0,1976,0.553,1,0,470780
Fresno,Rural,1,1.0,2203.0,1975,0.247,1,0,439594
Denver,Suburban,4,3.0,1141.0,1985,0.986,1,0,317439
Houston,Rural,1,1.0,1313.0,2004,0.32,1,0,404113
Denver,Suburban,3,,1218.0,2013,0.637,0,0,400286
Houston,Rural,5,4.0,2647.0,2006,0.393,0,0,687305
Houston,Suburban,3,4.0,1728.0,2018,0.535,0,1,675543
Edison,Downtown,1,2.0,1810.0,2010,0.213,1,0,639093
Denver,Suburban,3,3.0,1835.0,1951,1.015,1,1,417509
Boston,Suburban,1,3.0,1371.0,2004,0.312,0,0,336477
Charlotte,Rural,4,4.0,2739.0,1987,0.293,1,0,495211
Charlotte,Suburban,3,4.0,2047.0,1978,2.319,0,1,619715
Denver,Downtown,4,2.0,1824.0,1975,0.776,1,1,635857
Denver,Downtown,4,1.0,1137.0,1984,0.991,1,0,389340
Jacksonville,Rural,2,1.0,1103.0,2016,0.733,0,1,370675
Edison,Downtown,1,3.0,1615.0,1978,0.424,0,1,557022
Denver,Suburban,5,2.0,1380.0,1983,0.254,1,1,388776
Jacksonville,Downtown,1,4.0,1160.0,1990,0.465,1,0,637332
Houston,Rural,5,3.0,1577.0,1990,0.309,1,0,473121
Fresno,Suburban,1,2.0,1670.0,1972,0.321,1,1,445269
Fresno,Rural,4,1.0,1885.0,2020,0.215,1,1,491938
Houston,Suburban,3,2.0,1498.0,1952,0.596,0,0,428332
Grand Rapids,Downtown,3,1.0,1195.0,2007,1.43,0,1,667960
Jacksonville,Rural,2,2.0,1216.0,1981,0.778,1,0,383414
Jacksonville,Rural,5,3.0,2528.0,1980,0.522,0,0,775465
Houston,Suburban,5,1.0,1049.0,1992,0.543,1,0,449815
Boston,Rural,5,3.0,2018.0,1956,0.089,0,1,330587
Idaho Falls,Suburban,4,3.0,2112.0,1950,0.431,0,0,660162
